{"cameraMode":{"drawMode":0,"name":"Shaded","section":"Shading Mode"},"sceneLighting":false,"audioPlay":false,"sceneViewState":{"m_AlwaysRefresh":false,"showFog":true,"showSkybox":false,"showFlares":true,"showImageEffects":true,"showParticleSystems":true,"showVisualEffectGraphs":true,"m_FxEnabled":true},"in2DMode":false,"pivot":{"x":-0.6630773544311523,"y":20.669673919677736,"z":180.74652099609376},"rotation":{"x":-0.17089369893074037,"y":0.10583730787038803,"z":-0.018868550658226014,"w":-0.979269802570343},"size":22.54427146911621,"orthographic":false}