{"cameraMode":{"drawMode":0,"name":"Shaded","section":"Shading Mode"},"sceneLighting":false,"audioPlay":false,"sceneViewState":{"m_AlwaysRefresh":false,"showFog":true,"showSkybox":false,"showFlares":true,"showImageEffects":true,"showParticleSystems":true,"showVisualEffectGraphs":true,"m_FxEnabled":true},"in2DMode":false,"pivot":{"x":0.000010013580322265625,"y":-0.11843124032020569,"z":-5.960464477539063e-8},"rotation":{"x":-0.2092215120792389,"y":0.09489890187978745,"z":-0.02036956511437893,"w":-0.972950279712677},"size":2.6538755893707277,"orthographic":false}